cell_type,rank,peak_feature,peak_idx,distance,omega_j,adj_score
B_Cells,1,chr2_100867068_100867568,73970,2.7783281803131104,-2.4425275325775146,5.220855712890625
B_Cells,2,chr17_65809309_65809809,483414,3.3560683727264404,-1.7926793098449707,5.148747444152832
B_Cells,3,chr15_52521115_52521615,432877,3.3906564712524414,-1.7347630262374878,5.125419616699219
B_Cells,4,chr6_346682_347182,195746,3.4947566986083984,-2.750622034072876,6.245378494262695
B_Cells,5,chr5_144243629_144244129,187605,3.5278143882751465,-2.777043581008911,6.304858207702637
B_Cells,6,chr17_12719119_12719619,468540,3.536416530609131,-2.6276936531066895,6.16411018371582
B_Cells,7,chr14_42898105_42898605,412117,3.5684540271759033,-1.589998722076416,5.158452987670898
B_Cells,8,chr1_172359811_172360311,37108,3.579922914505005,-1.9296451807022095,5.509568214416504
B_Cells,9,chr2_165611521_165612021,84696,3.624192237854004,-3.683314561843872,7.307506561279297
B_Cells,10,chr11_71094481_71094981,352665,3.6536595821380615,-1.6408487558364868,5.294508457183838
B_Cells,11,chr2_75658851_75659351,70467,3.6827285289764404,-1.8122693300247192,5.494997978210449
B_Cells,12,chr1_203234832_203235332,43082,3.6863346099853516,-2.814943790435791,6.501278400421143
B_Cells,13,chr3_32013722_32014222,107717,3.705737352371216,-2.029491901397705,5.7352294921875
B_Cells,14,chr8_100335141_100335641,275677,3.7076706886291504,-1.9609918594360352,5.6686625480651855
B_Cells,15,chr2_65254284_65254784,67678,3.7131431102752686,-1.278846263885498,4.9919891357421875
B_Cells,16,chr4_120458684_120459184,157066,3.7330398559570312,-2.4636359214782715,6.196675777435303
B_Cells,17,chr6_97057836_97058336,215125,3.7603647708892822,-2.66813063621521,6.428495407104492
B_Cells,18,chrX_31188863_31189363,560757,3.7811765670776367,-2.6062049865722656,6.387381553649902
B_Cells,19,chr18_70900147_70900647,500172,3.783971071243286,-1.7141759395599365,5.498147010803223
B_Cells,20,chr4_39126801_39127301,145941,3.793802499771118,-1.9133449792861938,5.707147598266602
B_Cells,21,chr1_245104361_245104861,52644,3.795856237411499,-1.4575331211090088,5.253389358520508
B_Cells,22,chr3_49984053_49984553,113175,3.795905113220215,-1.6687045097351074,5.464609622955322
B_Cells,23,chr4_13380829_13381329,142894,3.805368423461914,-1.782798409461975,5.5881667137146
B_Cells,24,chr16_71727014_71727514,458793,3.8099429607391357,-2.0648887157440186,5.874831676483154
B_Cells,25,chr7_3995656_3996156,231755,3.821648359298706,-2.49755859375,6.319207191467285
B_Cells,26,chr14_23263686_23264186,409621,3.823140859603882,-1.1087132692337036,4.931854248046875
B_Cells,27,chr3_176964625_176965125,133902,3.83009672164917,-2.149803400039673,5.979900360107422
B_Cells,28,chr2_25542929_25543429,58866,3.8344547748565674,-2.337451696395874,6.171906471252441
B_Cells,29,chr7_3997322_3997822,231756,3.8424229621887207,-2.422771453857422,6.265194416046143
B_Cells,30,chr15_59716779_59717279,434255,3.8487372398376465,-1.7907482385635376,5.6394853591918945
B_Cells,31,chr7_108192250_108192750,250675,3.8616409301757812,-1.369766354560852,5.231407165527344
B_Cells,32,chr15_70174044_70174544,437461,3.867257595062256,-1.3936156034469604,5.260873317718506
B_Cells,33,chr3_122336114_122336614,123433,3.871107578277588,-1.6698189973831177,5.540926456451416
B_Cells,34,chr6_71567013_71567513,212411,3.8763132095336914,-1.8158204555511475,5.692133903503418
B_Cells,35,chr11_77934555_77935055,355156,3.8775761127471924,-1.222017526626587,5.099593639373779
B_Cells,36,chr11_60278779_60279279,347778,3.8977015018463135,-2.0882608890533447,5.985962390899658
B_Cells,37,chr8_52364938_52365438,268720,3.9032411575317383,-1.6331603527069092,5.536401748657227
B_Cells,38,chr17_19657953_19658453,470315,3.916531562805176,-1.7786790132522583,5.6952104568481445
B_Cells,39,chr12_110603493_110603993,387759,3.91873836517334,-2.731517791748047,6.650256156921387
B_Cells,40,chr5_56041653_56042153,172215,3.9272031784057617,-1.4752179384231567,5.402420997619629
B_Cells,41,chr17_65814109_65814609,483418,3.9302780628204346,-1.3309253454208374,5.261203289031982
B_Cells,42,chr11_74662223_74662723,354032,3.94313383102417,-1.9632222652435303,5.906355857849121
B_Cells,43,chr3_32119693_32120193,107739,3.9432029724121094,-2.7916314601898193,6.734834671020508
B_Cells,44,chr18_32990493_32990993,494964,3.946810245513916,-1.9462131261825562,5.893023490905762
B_Cells,45,chr6_88851254_88851754,214147,3.9503438472747803,-1.0576528310775757,5.007996559143066
B_Cells,46,chr1_235140736_235141236,50915,3.9808459281921387,-1.9860647916793823,5.9669108390808105
B_Cells,47,chr13_108837523_108838023,406863,3.9920413494110107,-1.5760407447814941,5.568081855773926
B_Cells,48,chr8_11019220_11019720,261788,3.9940152168273926,-2.363724946975708,6.35774040222168
B_Cells,49,chr3_5418409_5418909,101812,3.9969451427459717,-1.0831786394119263,5.0801239013671875
B_Cells,50,chr22_33588110_33588610,550100,4.019184589385986,-2.5329596996307373,6.5521440505981445
CD34_Progenitors,1,chr6_71848859_71849359,212440,3.462965726852417,-3.8941261768341064,7.357091903686523
CD34_Progenitors,2,chr18_36024877_36025377,495434,3.751296281814575,-2.7684860229492188,6.519782066345215
CD34_Progenitors,3,chr11_20301506_20302006,342559,3.7796576023101807,-3.6842310428619385,7.463888645172119
CD34_Progenitors,4,chr22_33152943_33153443,550035,3.794823169708252,-2.645630121231079,6.44045352935791
CD34_Progenitors,5,chr11_8107775_8108275,339622,3.8240957260131836,-3.082883834838867,6.906979560852051
CD34_Progenitors,6,chr3_14891235_14891735,104306,3.8357083797454834,-2.7963709831237793,6.632079124450684
CD34_Progenitors,7,chr11_16997927_16998427,341844,3.8976690769195557,-2.625469207763672,6.523138046264648
CD34_Progenitors,8,chr3_83506684_83507184,118778,3.901205062866211,-2.53834867477417,6.439553737640381
CD34_Progenitors,9,chr13_28565933_28566433,396167,3.9038820266723633,-3.334317922592163,7.2382001876831055
CD34_Progenitors,10,chr12_71841733_71842233,381239,3.994155168533325,-3.1136417388916016,7.107796669006348
CD34_Progenitors,11,chr8_104992669_104993169,276967,4.043576240539551,-2.775736093521118,6.81931209564209
CD34_Progenitors,12,chr11_14057007_14057507,341305,4.04744815826416,-3.6529064178466797,7.70035457611084
CD34_Progenitors,13,chr15_32277916_32278416,428860,4.047828674316406,-3.3821544647216797,7.429983139038086
CD34_Progenitors,14,chr4_57082104_57082604,148480,4.0697245597839355,-2.6461598873138428,6.715884208679199
CD34_Progenitors,15,chr7_144093936_144094436,256846,4.086001396179199,-2.85548996925354,6.94149112701416
CD34_Progenitors,16,chr20_18958819_18959319,526207,4.101718425750732,-2.993595838546753,7.095314025878906
CD34_Progenitors,17,chr8_8997556_8998056,261401,4.1092000007629395,-2.5702641010284424,6.679464340209961
CD34_Progenitors,18,chr10_128793761_128794261,335079,4.109470844268799,-2.710561513900757,6.820032119750977
CD34_Progenitors,19,chr2_242143097_242143597,100592,4.110002040863037,-2.6832199096679688,6.793221950531006
CD34_Progenitors,20,chr15_20554945_20555445,427554,4.124084949493408,-2.413898229598999,6.537982940673828
CD34_Progenitors,21,chr1_41963292_41963792,14286,4.12676477432251,-3.8014562129974365,7.928220748901367
CD34_Progenitors,22,chr9_102128876_102129376,298147,4.149539470672607,-3.1017465591430664,7.251286029815674
CD34_Progenitors,23,chr5_26691545_26692045,168260,4.157001972198486,-3.3492188453674316,7.506220817565918
CD34_Progenitors,24,chr2_95967724_95968224,72528,4.1759257316589355,-2.7138755321502686,6.889801025390625
CD34_Progenitors,25,chr9_15268718_15269218,287368,4.181559085845947,-2.5169789791107178,6.698537826538086
CD34_Progenitors,26,chr8_142364326_142364826,283563,4.186150074005127,-2.7774405479431152,6.963590621948242
CD34_Progenitors,27,chr9_86822540_86823040,294464,4.199645519256592,-3.4908981323242188,7.6905436515808105
CD34_Progenitors,28,chr16_74775788_74776288,459366,4.205258369445801,-2.7692856788635254,6.974544048309326
CD34_Progenitors,29,chr21_44420642_44421142,542864,4.209044456481934,-3.2707865238189697,7.479830741882324
CD34_Progenitors,30,chr10_34299703_34300203,316853,4.2280049324035645,-2.1597249507904053,6.387729644775391
CD34_Progenitors,31,chr9_135687713_135688213,306418,4.230737686157227,-2.804903030395508,7.035640716552734
CD34_Progenitors,32,chr15_22899268_22899768,427786,4.243357181549072,-1.9654115438461304,6.208768844604492
CD34_Progenitors,33,chr5_41410730_41411230,170452,4.260265827178955,-3.581683397293091,7.841949462890625
CD34_Progenitors,34,chr5_153989196_153989696,189767,4.268970012664795,-2.5307533740997314,6.7997236251831055
CD34_Progenitors,35,chr19_35804279_35804779,514024,4.286691665649414,-2.533867597579956,6.820559501647949
CD34_Progenitors,36,chr1_961938_962438,175,4.290011882781982,-2.6339633464813232,6.923974990844727
CD34_Progenitors,37,chr10_133484108_133484608,335862,4.290445804595947,-2.9174435138702393,7.207889556884766
CD34_Progenitors,38,chr1_220718339_220718839,46927,4.296148300170898,-2.8833985328674316,7.17954683303833
CD34_Progenitors,39,chr15_62054822_62055322,434730,4.296267986297607,-3.422813653945923,7.719081878662109
CD34_Progenitors,40,chr11_92495125_92495625,356977,4.30144739151001,-2.325268507003784,6.626715660095215
CD34_Progenitors,41,chr6_168408322_168408822,229293,4.308260440826416,-3.23728346824646,7.545543670654297
CD34_Progenitors,42,chr8_36360331_36360831,266567,4.308928489685059,-2.8869128227233887,7.195841312408447
CD34_Progenitors,43,chr15_73692592_73693092,438270,4.321617126464844,-3.582251787185669,7.903868675231934
CD34_Progenitors,44,chr1_237206137_237206637,51602,4.3400750160217285,-2.5440385341644287,6.884113311767578
CD34_Progenitors,45,chr4_186817984_186818484,164949,4.340172290802002,-2.020749807357788,6.360921859741211
CD34_Progenitors,46,chr9_79510124_79510624,293273,4.36489200592041,-2.4766054153442383,6.841497421264648
CD34_Progenitors,47,chr1_11958323_11958823,4334,4.366904258728027,-3.1095943450927734,7.476498603820801
CD34_Progenitors,48,chr12_124769051_124769551,392149,4.378833293914795,-3.3226425647735596,7.701476097106934
CD34_Progenitors,49,chr15_77389466_77389966,439508,4.3792009353637695,-2.2050623893737793,6.584263324737549
CD34_Progenitors,50,chrX_2649473_2649973,557827,4.379685401916504,-3.3921053409576416,7.771790504455566
CD4_HelperT,1,chr4_143307570_143308070,159330,2.6362974643707275,-3.21809720993042,5.854394912719727
CD4_HelperT,2,chrX_135679407_135679907,569417,2.7100136280059814,-3.740849733352661,6.450863361358643
CD4_HelperT,3,chr6_143094291_143094791,223364,2.825934648513794,-2.9275500774383545,5.753484725952148
CD4_HelperT,4,chr7_150793000_150793500,258099,2.8378727436065674,-3.0590643882751465,5.896937370300293
CD4_HelperT,5,chr6_143094966_143095466,223365,2.8446643352508545,-2.7269928455352783,5.571657180786133
CD4_HelperT,6,chr7_70243545_70244045,243322,3.060715436935425,-2.701200246810913,5.761915683746338
CD4_HelperT,7,chr13_74433943_74434443,402998,3.077019691467285,-2.4395644664764404,5.516584396362305
CD4_HelperT,8,chr20_37633098_37633598,530833,3.134305715560913,-2.968371868133545,6.102677345275879
CD4_HelperT,9,chr11_128709996_128710496,364461,3.159355640411377,-2.4525163173675537,5.611871719360352
CD4_HelperT,10,chrX_130019911_130020411,568741,3.2836339473724365,-3.310326337814331,6.593960285186768
CD4_HelperT,11,chr20_26233173_26233673,527756,3.298649787902832,-2.471494436264038,5.770144462585449
CD4_HelperT,12,chr4_70526768_70527268,149351,3.31331205368042,-2.4947752952575684,5.808087348937988
CD4_HelperT,13,chr4_143478278_143478778,159369,3.3221817016601562,-2.9399726390838623,6.262154579162598
CD4_HelperT,14,chr10_104370042_104370542,330068,3.3548800945281982,-3.064842700958252,6.419722557067871
CD4_HelperT,15,chr5_130673414_130673914,182967,3.442870855331421,-1.9658464193344116,5.408717155456543
CD4_HelperT,16,chr13_74434540_74435040,402999,3.445714235305786,-2.48787522315979,5.933589458465576
CD4_HelperT,17,chr20_26189409_26189909,527753,3.467911720275879,-2.299988269805908,5.767899990081787
CD4_HelperT,18,chr6_128229382_128229882,220091,3.497917413711548,-2.5145277976989746,6.012445449829102
CD4_HelperT,19,chr7_98479821_98480321,247663,3.526984214782715,-2.7676126956939697,6.2945966720581055
CD4_HelperT,20,chr2_38890433_38890933,62043,3.565333843231201,-2.5180280208587646,6.083361625671387
CD4_HelperT,21,chr4_40284987_40285487,146340,3.578287124633789,-1.8314703702926636,5.409757614135742
CD4_HelperT,22,chr10_48532246_48532746,318480,3.5799062252044678,-2.2392618656158447,5.8191680908203125
CD4_HelperT,23,chr1_152365265_152365765,31341,3.591867685317993,-2.2670955657958984,5.8589630126953125
CD4_HelperT,24,chr16_27292473_27292973,451761,3.605560302734375,-2.8271634578704834,6.4327239990234375
CD4_HelperT,25,chr12_120479065_120479565,390078,3.6141393184661865,-2.2691779136657715,5.883316993713379
CD4_HelperT,26,chr20_35361529_35362029,529933,3.6164727210998535,-1.9052417278289795,5.521714210510254
CD4_HelperT,27,chr3_141019194_141019694,127812,3.6170103549957275,-2.7305116653442383,6.347521781921387
CD4_HelperT,28,chr18_74586535_74587035,500869,3.6226248741149902,-2.293086051940918,5.915710926055908
CD4_HelperT,29,chr12_118345076_118345576,389799,3.6302618980407715,-3.447460174560547,7.077722072601318
CD4_HelperT,30,chr6_16435010_16435510,200608,3.6374030113220215,-2.7346034049987793,6.372006416320801
CD4_HelperT,31,chr15_61073291_61073791,434625,3.6386070251464844,-2.982823610305786,6.621430397033691
CD4_HelperT,32,chr16_78991581_78992081,459980,3.668119192123413,-3.3588647842407227,7.026984214782715
CD4_HelperT,33,chr8_10905483_10905983,261757,3.676872491836548,-2.1642749309539795,5.841147422790527
CD4_HelperT,34,chr6_161501249_161501749,228073,3.6834402084350586,-2.3982691764831543,6.081709384918213
CD4_HelperT,35,chr20_33129261_33129761,529111,3.687492609024048,-2.1668918132781982,5.854384422302246
CD4_HelperT,36,chr5_130672846_130673346,182966,3.7081573009490967,-1.5966845750808716,5.304841995239258
CD4_HelperT,37,chr10_9057326_9057826,311437,3.710503339767456,-2.8394246101379395,6.549927711486816
CD4_HelperT,38,chr5_39163265_39163765,169970,3.724189519882202,-2.141453981399536,5.865643501281738
CD4_HelperT,39,chr7_70252723_70253223,243327,3.7398269176483154,-2.4065730571746826,6.146399974822998
CD4_HelperT,40,chr21_45477745_45478245,543414,3.7502923011779785,-2.0746190547943115,5.824911117553711
CD4_HelperT,41,chr13_74435213_74435713,403000,3.770312547683716,-1.9823963642120361,5.752708911895752
CD4_HelperT,42,chr8_42011593_42012093,267884,3.804151773452759,-1.3631393909454346,5.167291164398193
CD4_HelperT,43,chr5_55397965_55398465,171971,3.820002555847168,-1.9380087852478027,5.758011341094971
CD4_HelperT,44,chr21_47028628_47029128,544310,3.8350954055786133,-2.089449167251587,5.924544334411621
CD4_HelperT,45,chr16_88535446_88535946,463066,3.8382182121276855,-1.9081501960754395,5.746368408203125
CD4_HelperT,46,chr13_114039713_114040213,408045,3.8509364128112793,-2.1261188983917236,5.977055549621582
CD4_HelperT,47,chr1_18396344_18396844,6175,3.8583931922912598,-2.5850369930267334,6.443429946899414
CD4_HelperT,48,chr8_19250711_19251211,262889,3.8585801124572754,-1.673288345336914,5.5318684577941895
CD4_HelperT,49,chr10_101964060_101964560,329196,3.865950584411621,-2.815903425216675,6.681854248046875
CD4_HelperT,50,chr8_61778361_61778861,270416,3.8660268783569336,-2.3163928985595703,6.182419776916504
Dendritic_Cells,1,chr3_142874580_142875080,128384,3.6072781085968018,-2.8301608562469482,6.43743896484375
Dendritic_Cells,2,chr3_48573578_48574078,112518,3.938462018966675,-2.4500229358673096,6.388484954833984
Dendritic_Cells,3,chrX_9725401_9725901,558362,3.9419796466827393,-2.086068630218506,6.028048515319824
Dendritic_Cells,4,chr1_109063484_109063984,26042,4.170463562011719,-1.8884342908859253,6.058897972106934
Dendritic_Cells,5,chr15_38334830_38335330,429457,4.253988265991211,-2.0041260719299316,6.258114337921143
Dendritic_Cells,6,chr11_62117137_62117637,348673,4.369593620300293,-1.800917625427246,6.170511245727539
Dendritic_Cells,7,chr1_243376282_243376782,52168,4.395572185516357,-1.7606230974197388,6.156195163726807
Dendritic_Cells,8,chr10_77424698_77425198,323902,4.406373977661133,-2.4458889961242676,6.8522629737854
Dendritic_Cells,9,chr15_40096180_40096680,429915,4.521509170532227,-1.7107264995574951,6.232235908508301
Dendritic_Cells,10,chr15_39527540_39528040,429755,4.541426181793213,-1.6092593669891357,6.1506853103637695
Dendritic_Cells,11,chr3_155149617_155150117,130675,4.56024694442749,-2.182378053665161,6.7426252365112305
Dendritic_Cells,12,chr1_18773020_18773520,6265,4.562939167022705,-1.9509294033050537,6.51386833190918
Dendritic_Cells,13,chr13_110814169_110814669,407240,4.593737602233887,-2.052643060684204,6.646380424499512
Dendritic_Cells,14,chr17_56262763_56263263,480791,4.6205058097839355,-1.568523645401001,6.189029693603516
Dendritic_Cells,15,chr8_32445683_32446183,266351,4.62664270401001,-2.5997395515441895,7.226382255554199
Dendritic_Cells,16,chr9_94003013_94003513,295960,4.659304618835449,-2.245384454727173,6.904688835144043
Dendritic_Cells,17,chr15_63666722_63667222,435064,4.675658702850342,-1.6862988471984863,6.361957550048828
Dendritic_Cells,18,chr3_17818799_17819299,105337,4.707498073577881,-0.733864426612854,5.441362380981445
Dendritic_Cells,19,chr4_169778655_169779155,162839,4.710144519805908,-1.1851551532745361,5.895299911499023
Dendritic_Cells,20,chr3_38109360_38109860,109240,4.719628810882568,-1.0867143869400024,5.806343078613281
Dendritic_Cells,21,chr16_84866666_84867166,461566,4.757058143615723,-1.2501614093780518,6.007219314575195
Dendritic_Cells,22,chr7_81498884_81499384,245519,4.767339706420898,-0.8749993443489075,5.64233922958374
Dendritic_Cells,23,chr10_3939203_3939703,309954,4.780390739440918,-2.544957399368286,7.325347900390625
Dendritic_Cells,24,chr2_182230282_182230782,88040,4.7900543212890625,-1.0950937271118164,5.885148048400879
Dendritic_Cells,25,chr6_53635409_53635909,211317,4.792362689971924,-2.5174856185913086,7.309848308563232
Dendritic_Cells,26,chr1_44729195_44729695,15172,4.794567108154297,-1.2760097980499268,6.0705766677856445
Dendritic_Cells,27,chr8_135988949_135989449,282572,4.796642780303955,-2.660162925720215,7.45680570602417
Dendritic_Cells,28,chr1_36377389_36377889,12547,4.797422409057617,-2.0871498584747314,6.8845720291137695
Dendritic_Cells,29,chr18_2855520_2856020,490253,4.807784080505371,-0.7286909222602844,5.53647518157959
Dendritic_Cells,30,chr6_2281408_2281908,196223,4.8093695640563965,-2.5326333045959473,7.342002868652344
Dendritic_Cells,31,chr1_236160317_236160817,51321,4.816626071929932,-1.5845515727996826,6.401177406311035
Dendritic_Cells,32,chr8_117773729_117774229,278266,4.83126163482666,-1.1259342432022095,5.95719575881958
Dendritic_Cells,33,chr22_27000953_27001453,548304,4.8401570320129395,-1.4055088758468628,6.245666027069092
Dendritic_Cells,34,chr22_46180769_46181269,555346,4.848148822784424,-2.4666993618011475,7.314847946166992
Dendritic_Cells,35,chr5_173781574_173782074,193581,4.850522041320801,-1.4276394844055176,6.278161525726318
Dendritic_Cells,36,chr8_65779281_65779781,270923,4.8512349128723145,-2.1053590774536133,6.956593990325928
Dendritic_Cells,37,chr5_175138052_175138552,193746,4.859742164611816,-2.7943615913391113,7.654103755950928
Dendritic_Cells,38,chr18_55885262_55885762,498263,4.871231555938721,-2.550717353820801,7.4219489097595215
Dendritic_Cells,39,chr1_245273059_245273559,52704,4.873334884643555,-1.611237645149231,6.484572410583496
Dendritic_Cells,40,chr2_23990684_23991184,58334,4.886055946350098,-1.4817501306533813,6.3678059577941895
Dendritic_Cells,41,chr7_26090544_26091044,235747,4.886753559112549,-1.3853017091751099,6.272055149078369
Dendritic_Cells,42,chr1_192846527_192847027,40675,4.903944969177246,-0.34551772475242615,5.249462604522705
Dendritic_Cells,43,chr2_203748230_203748730,91986,4.91633415222168,-1.6172473430633545,6.533581733703613
Dendritic_Cells,44,chr15_64287922_64288422,435364,4.917603015899658,-1.0925509929656982,6.010153770446777
Dendritic_Cells,45,chr9_126520161_126520661,302565,4.918874740600586,-2.3688559532165527,7.287730693817139
Dendritic_Cells,46,chrX_17053886_17054386,559430,4.922402858734131,-1.0701476335525513,5.992550373077393
Dendritic_Cells,47,chr5_121728536_121729036,181721,4.92556095123291,-2.004211902618408,6.929772853851318
Dendritic_Cells,48,chr20_19435768_19436268,526308,4.9257917404174805,-1.8548469543457031,6.780638694763184
Dendritic_Cells,49,chr5_38782485_38782985,169852,4.929286479949951,-1.3946118354797363,6.3238983154296875
Dendritic_Cells,50,chr16_72214163_72214663,458954,4.931796073913574,-2.555222749710083,7.487018585205078
Memory_CD4_T_Cells,1,chr4_143307570_143308070,159330,2.0640065670013428,-3.21809720993042,5.282103538513184
Memory_CD4_T_Cells,2,chrX_135679407_135679907,569417,2.1554338932037354,-3.740849733352661,5.8962836265563965
Memory_CD4_T_Cells,3,chr11_128709996_128710496,364461,2.5465376377105713,-2.4525163173675537,4.999053955078125
Memory_CD4_T_Cells,4,chr7_70243545_70244045,243322,2.611152410507202,-2.701200246810913,5.312352657318115
Memory_CD4_T_Cells,5,chr6_143094291_143094791,223364,2.6132848262786865,-2.9275500774383545,5.540834903717041
Memory_CD4_T_Cells,6,chr13_74433943_74434443,402998,2.7173635959625244,-2.4395644664764404,5.156928062438965
Memory_CD4_T_Cells,7,chr1_152365265_152365765,31341,2.7277536392211914,-2.2670955657958984,4.99484920501709
Memory_CD4_T_Cells,8,chr6_143094966_143095466,223365,2.8097023963928223,-2.7269928455352783,5.53669548034668
Memory_CD4_T_Cells,9,chr5_130673414_130673914,182967,3.078162908554077,-1.9658464193344116,5.044009208679199
Memory_CD4_T_Cells,10,chr7_98479821_98480321,247663,3.088853359222412,-2.7676126956939697,5.856466293334961
Memory_CD4_T_Cells,11,chr17_53170662_53171162,479835,3.1088016033172607,-3.061866283416748,6.17066764831543
Memory_CD4_T_Cells,12,chr7_150793000_150793500,258099,3.128437042236328,-3.0590643882751465,6.187501430511475
Memory_CD4_T_Cells,13,chr7_70252723_70253223,243327,3.13865065574646,-2.4065730571746826,5.545223712921143
Memory_CD4_T_Cells,14,chr13_74434540_74435040,402999,3.139845371246338,-2.48787522315979,5.627720832824707
Memory_CD4_T_Cells,15,chr6_161501249_161501749,228073,3.1406495571136475,-2.3982691764831543,5.538918495178223
Memory_CD4_T_Cells,16,chr16_78991581_78992081,459980,3.1496965885162354,-3.3588647842407227,6.508561134338379
Memory_CD4_T_Cells,17,chr15_61073291_61073791,434625,3.175978183746338,-2.982823610305786,6.158802032470703
Memory_CD4_T_Cells,18,chr6_128229382_128229882,220091,3.2237401008605957,-2.5145277976989746,5.73826789855957
Memory_CD4_T_Cells,19,chr20_37633098_37633598,530833,3.234781503677368,-2.968371868133545,6.203153610229492
Memory_CD4_T_Cells,20,chr18_74586535_74587035,500869,3.313150644302368,-2.293086051940918,5.606236457824707
Memory_CD4_T_Cells,21,chr8_10905483_10905983,261757,3.346938371658325,-2.1642749309539795,5.511213302612305
Memory_CD4_T_Cells,22,chr13_74435213_74435713,403000,3.384881019592285,-1.9823963642120361,5.367277145385742
Memory_CD4_T_Cells,23,chr10_112123721_112124221,331439,3.4006717205047607,-2.371274709701538,5.771946430206299
Memory_CD4_T_Cells,24,chr2_38890433_38890933,62043,3.4203436374664307,-2.5180280208587646,5.938371658325195
Memory_CD4_T_Cells,25,chr10_101964060_101964560,329196,3.4256083965301514,-2.815903425216675,6.241511821746826
Memory_CD4_T_Cells,26,chr8_8717806_8718306,261299,3.4687066078186035,-2.185776948928833,5.654483795166016
Memory_CD4_T_Cells,27,chr21_45477745_45478245,543414,3.4792842864990234,-2.0746190547943115,5.553903579711914
Memory_CD4_T_Cells,28,chr8_10184881_10185381,261573,3.5143063068389893,-2.692746162414551,6.207052230834961
Memory_CD4_T_Cells,29,chr20_5826841_5827341,524430,3.52179217338562,-1.628516674041748,5.150308609008789
Memory_CD4_T_Cells,30,chr15_61012249_61012749,434610,3.5256571769714355,-2.338550090789795,5.8642072677612305
Memory_CD4_T_Cells,31,chr16_79330349_79330849,460081,3.5257933139801025,-1.996283769607544,5.5220770835876465
Memory_CD4_T_Cells,32,chr8_30823846_30824346,266248,3.5300755500793457,-1.9320470094680786,5.462122440338135
Memory_CD4_T_Cells,33,chr15_61191468_61191968,434662,3.542001247406006,-1.4830578565597534,5.025059223175049
Memory_CD4_T_Cells,34,chr20_33129261_33129761,529111,3.5681862831115723,-2.1668918132781982,5.735077857971191
Memory_CD4_T_Cells,35,chr6_16435010_16435510,200608,3.5723068714141846,-2.7346034049987793,6.306910514831543
Memory_CD4_T_Cells,36,chr10_9057326_9057826,311437,3.5809834003448486,-2.8394246101379395,6.420408248901367
Memory_CD4_T_Cells,37,chr2_231206470_231206970,97050,3.586777448654175,-2.7280514240264893,6.314828872680664
Memory_CD4_T_Cells,38,chr10_33318085_33318585,316669,3.592491865158081,-2.097532272338867,5.690024375915527
Memory_CD4_T_Cells,39,chr12_110419086_110419586,387679,3.6128814220428467,-1.8692727088928223,5.48215389251709
Memory_CD4_T_Cells,40,chr20_35361529_35362029,529933,3.6321630477905273,-1.9052417278289795,5.537405014038086
Memory_CD4_T_Cells,41,chr13_26477028_26477528,395647,3.6445348262786865,-1.8921436071395874,5.536678314208984
Memory_CD4_T_Cells,42,chr7_126962396_126962896,252466,3.6476616859436035,-1.736150860786438,5.383812427520752
Memory_CD4_T_Cells,43,chr7_70244264_70244764,243323,3.6482770442962646,-1.4932864904403687,5.141563415527344
Memory_CD4_T_Cells,44,chr15_60996943_60997443,434607,3.6516220569610596,-2.4645941257476807,6.11621618270874
Memory_CD4_T_Cells,45,chr10_4196427_4196927,310052,3.6726903915405273,-1.4053353071212769,5.078025817871094
Memory_CD4_T_Cells,46,chr2_148206410_148206910,82049,3.6731436252593994,-2.175041913986206,5.8481855392456055
Memory_CD4_T_Cells,47,chr5_130672846_130673346,182966,3.6847474575042725,-1.5966845750808716,5.281432151794434
Memory_CD4_T_Cells,48,chr7_70253267_70253767,243328,3.6975817680358887,-1.4531280994415283,5.150710105895996
Memory_CD4_T_Cells,49,chrX_135680745_135681245,569419,3.7043612003326416,-2.4160189628601074,6.120380401611328
Memory_CD4_T_Cells,50,chr20_21539969_21540469,526822,3.7059154510498047,-2.0986690521240234,5.804584503173828
Memory_CD8_T_Cells,1,chr10_48532246_48532746,318480,3.1122751235961914,-2.2392618656158447,5.351536750793457
Memory_CD8_T_Cells,2,chr12_120486016_120486516,390079,3.1669762134552,-2.4699625968933105,5.63693904876709
Memory_CD8_T_Cells,3,chr9_16179499_16179999,287517,3.2527692317962646,-1.9476319551467896,5.200401306152344
Memory_CD8_T_Cells,4,chr11_63003514_63004014,349088,3.351024627685547,-2.2668190002441406,5.6178436279296875
Memory_CD8_T_Cells,5,chr20_26233173_26233673,527756,3.374525547027588,-2.471494436264038,5.846019744873047
Memory_CD8_T_Cells,6,chr1_8987217_8987717,3165,3.3854637145996094,-1.9053813219070435,5.290844917297363
Memory_CD8_T_Cells,7,chr2_7679182_7679682,54814,3.385542869567871,-3.627307415008545,7.012850284576416
Memory_CD8_T_Cells,8,chr5_179995861_179996361,195377,3.4490880966186523,-2.5807390213012695,6.029827117919922
Memory_CD8_T_Cells,9,chr14_98340684_98341184,423612,3.527400255203247,-3.4856882095336914,7.013088226318359
Memory_CD8_T_Cells,10,chr7_134679996_134680496,254646,3.5342857837677,-1.3859308958053589,4.9202165603637695
Memory_CD8_T_Cells,11,chr8_61778361_61778861,270416,3.543715000152588,-2.3163928985595703,5.860107898712158
Memory_CD8_T_Cells,12,chr5_40634662_40635162,170337,3.5611064434051514,-2.501213312149048,6.062319755554199
Memory_CD8_T_Cells,13,chr6_80412427_80412927,213280,3.562704563140869,-1.532516598701477,5.095221042633057
Memory_CD8_T_Cells,14,chr12_133449376_133449876,394213,3.5841903686523438,-1.5810205936431885,5.165210723876953
Memory_CD8_T_Cells,15,chr17_65394819_65395319,483270,3.6129114627838135,-1.7937204837799072,5.406631946563721
Memory_CD8_T_Cells,16,chr3_141019194_141019694,127812,3.614190101623535,-2.7305116653442383,6.344701766967773
Memory_CD8_T_Cells,17,chr18_77888404_77888904,501757,3.6255552768707275,-2.0230586528778076,5.648613929748535
Memory_CD8_T_Cells,18,chr2_171938046_171938546,85889,3.637281894683838,-2.5453388690948486,6.182621002197266
Memory_CD8_T_Cells,19,chr21_33329859_33330359,539695,3.647012710571289,-2.0581655502319336,5.705178260803223
Memory_CD8_T_Cells,20,chr17_64396390_64396890,483004,3.6765975952148438,-2.2439522743225098,5.9205498695373535
Memory_CD8_T_Cells,21,chr1_8986685_8987185,3164,3.7041168212890625,-1.533865213394165,5.237981796264648
Memory_CD8_T_Cells,22,chr10_6628457_6628957,310857,3.7074224948883057,-1.8301712274551392,5.537593841552734
Memory_CD8_T_Cells,23,chr3_123210937_123211437,123710,3.727888822555542,-2.703669786453247,6.431558609008789
Memory_CD8_T_Cells,24,chr20_26189409_26189909,527753,3.7384214401245117,-2.299988269805908,6.03840970993042
Memory_CD8_T_Cells,25,chr11_129730876_129731376,364650,3.740968704223633,-1.7756409645080566,5.5166096687316895
Memory_CD8_T_Cells,26,chr11_3028063_3028563,338512,3.742858409881592,-1.7319825887680054,5.474841117858887
Memory_CD8_T_Cells,27,chr20_37633098_37633598,530833,3.7525651454925537,-2.968371868133545,6.7209367752075195
Memory_CD8_T_Cells,28,chr12_120448391_120448891,390070,3.7600090503692627,-2.3893771171569824,6.149386405944824
Memory_CD8_T_Cells,29,chr15_100246726_100247226,444413,3.7726125717163086,-1.771628975868225,5.544241428375244
Memory_CD8_T_Cells,30,chr9_134233751_134234251,305860,3.7756896018981934,-1.9883410930633545,5.764030456542969
Memory_CD8_T_Cells,31,chr4_113230267_113230767,156409,3.8107364177703857,-1.6229559183120728,5.433692455291748
Memory_CD8_T_Cells,32,chr6_143221181_143221681,223460,3.822744369506836,-2.074901580810547,5.897645950317383
Memory_CD8_T_Cells,33,chr1_18396344_18396844,6175,3.8273279666900635,-2.5850369930267334,6.412364959716797
Memory_CD8_T_Cells,34,chr17_65721579_65722079,483396,3.8300976753234863,-1.7191815376281738,5.54927921295166
Memory_CD8_T_Cells,35,chr17_34216646_34217146,473663,3.8342483043670654,-2.8606317043304443,6.69488000869751
Memory_CD8_T_Cells,36,chr7_150439536_150440036,257893,3.868102550506592,-2.2392024993896484,6.10730504989624
Memory_CD8_T_Cells,37,chr1_85077318_85077818,22008,3.8722541332244873,-1.7047230005264282,5.576977252960205
Memory_CD8_T_Cells,38,chr15_100764345_100764845,444487,3.8776307106018066,-2.0285019874572754,5.906132698059082
Memory_CD8_T_Cells,39,chr5_79448639_79449139,176378,3.877657890319824,-1.8284492492675781,5.706107139587402
Memory_CD8_T_Cells,40,chr5_180111729_180112229,195427,3.8927221298217773,-1.9001420736312866,5.7928643226623535
Memory_CD8_T_Cells,41,chr20_52004766_52005266,534693,3.8969321250915527,-1.2293251752853394,5.126257419586182
Memory_CD8_T_Cells,42,chr2_242043326_242043826,100553,3.9028074741363525,-1.9428824186325073,5.84568977355957
Memory_CD8_T_Cells,43,chr16_89850711_89851211,464169,3.906257390975952,-1.6276837587356567,5.533941268920898
Memory_CD8_T_Cells,44,chr5_109258033_109258533,180137,3.915935754776001,-1.552274227142334,5.468210220336914
Memory_CD8_T_Cells,45,chr1_244218049_244218549,52373,3.9216010570526123,-1.3764855861663818,5.298086643218994
Memory_CD8_T_Cells,46,chr12_120479065_120479565,390078,3.923093557357788,-2.2691779136657715,6.1922712326049805
Memory_CD8_T_Cells,47,chr12_12363858_12364358,369669,3.9277193546295166,-2.176409959793091,6.104129314422607
Memory_CD8_T_Cells,48,chr1_248645506_248646006,53510,3.9448468685150146,-1.6297022104263306,5.574549198150635
Memory_CD8_T_Cells,49,chr11_123551691_123552191,363175,3.9449820518493652,-1.7394871711730957,5.684469223022461
Memory_CD8_T_Cells,50,chr4_103551750_103552250,154855,3.9455502033233643,-1.4163366556167603,5.361886978149414
Monocytes,1,chr3_45175302_45175802,111143,3.797346591949463,-1.665089726448059,5.462436199188232
Monocytes,2,chr12_112577957_112578457,388505,3.8020732402801514,-2.6165847778320312,6.418658256530762
Monocytes,3,chr5_134581615_134582115,184571,3.85958194732666,-1.9664089679718018,5.825990676879883
Monocytes,4,chr7_100411572_100412072,248486,3.89988112449646,-2.2838265895843506,6.1837077140808105
Monocytes,5,chr8_4100766_4101266,260750,3.938478469848633,-4.061540603637695,8.000019073486328
Monocytes,6,chr19_55412419_55412919,521293,4.017359256744385,-1.6131846904754639,5.6305437088012695
Monocytes,7,chr7_80570670_80571170,245394,4.040302276611328,-2.6292388439178467,6.669541358947754
Monocytes,8,chr5_131939705_131940205,183571,4.041232109069824,-2.0466198921203613,6.0878520011901855
Monocytes,9,chr12_121714785_121715285,390694,4.061839580535889,-1.7145777940750122,5.776417255401611
Monocytes,10,chr3_52510084_52510584,114227,4.067134380340576,-2.3131000995635986,6.380234718322754
Monocytes,11,chr16_75540519_75541019,459647,4.070201873779297,-1.8258957862854004,5.896097660064697
Monocytes,12,chr17_14641499_14641999,468782,4.094261169433594,-1.8914862871170044,5.985747337341309
Monocytes,13,chr6_41252082_41252582,208334,4.104647159576416,-2.21093487739563,6.315582275390625
Monocytes,14,chr6_8831343_8831843,198187,4.106688022613525,-3.1879935264587402,7.294681549072266
Monocytes,15,chr6_110018457_110018957,217087,4.148752212524414,-2.1888303756713867,6.337582588195801
Monocytes,16,chr5_173293454_173293954,193496,4.156890869140625,-1.7628172636032104,5.919708251953125
Monocytes,17,chr20_9476761_9477261,524998,4.158535003662109,-2.0939481258392334,6.252483367919922
Monocytes,18,chr6_119441081_119441581,218958,4.15931510925293,-1.3732526302337646,5.532567977905273
Monocytes,19,chr12_111564166_111564666,388121,4.170650482177734,-2.293532371520996,6.4641828536987305
Monocytes,20,chr5_139701351_139701851,186217,4.183907985687256,-1.4055001735687256,5.589407920837402
Monocytes,21,chr11_90076853_90077353,356756,4.19385290145874,-2.9390950202941895,7.13294792175293
Monocytes,22,chr14_74261311_74261811,418487,4.201497554779053,-2.1463873386383057,6.3478851318359375
Monocytes,23,chr20_57531131_57531631,535719,4.202791213989258,-2.1062159538269043,6.309007167816162
Monocytes,24,chr10_23932272_23932772,314634,4.213500022888184,-1.7448005676269531,5.958300590515137
Monocytes,25,chr9_102192421_102192921,298156,4.220109939575195,-2.1711037158966064,6.391213417053223
Monocytes,26,chr10_33701463_33701963,316780,4.245340347290039,-2.0930063724517822,6.338346481323242
Monocytes,27,chr17_66599133_66599633,483758,4.256974697113037,-1.401021957397461,5.657996654510498
Monocytes,28,chr4_47175887_47176387,147114,4.266322612762451,-1.8922126293182373,6.158535003662109
Monocytes,29,chr14_75873502_75874002,419099,4.299046516418457,-1.860714077949524,6.159760475158691
Monocytes,30,chr7_47981013_47981513,241072,4.302369117736816,-1.718342661857605,6.020711898803711
Monocytes,31,chr10_131514379_131514879,335543,4.30902624130249,-1.81194269657135,6.120968818664551
Monocytes,32,chr20_32835117_32835617,529010,4.314723014831543,-2.061730146408081,6.376453399658203
Monocytes,33,chr11_66738195_66738695,351188,4.317541599273682,-1.4879556894302368,5.805497169494629
Monocytes,34,chr21_37277261_37277761,540848,4.31911039352417,-2.2030303478240967,6.5221405029296875
Monocytes,35,chr8_125827123_125827623,279974,4.321088790893555,-2.2408676147460938,6.561956405639648
Monocytes,36,chr6_127525379_127525879,219935,4.32554817199707,-1.8996609449386597,6.2252092361450195
Monocytes,37,chr8_23431811_23432311,264359,4.335948467254639,-1.67033052444458,6.006278991699219
Monocytes,38,chr3_102771291_102771791,120210,4.341450214385986,-1.9087157249450684,6.250165939331055
Monocytes,39,chr3_171270819_171271319,132989,4.341518402099609,-2.299924850463867,6.641443252563477
Monocytes,40,chr12_122949279_122949779,391331,4.34337043762207,-1.7106010913848877,6.053971290588379
Monocytes,41,chr20_45772258_45772758,532566,4.353713035583496,-1.8725900650024414,6.2263031005859375
Monocytes,42,chr3_127018028_127018528,124613,4.354367256164551,-1.78091299533844,6.135280132293701
Monocytes,43,chr8_109151972_109152472,277544,4.359130859375,-1.8490781784057617,6.208209037780762
Monocytes,44,chr10_21540682_21541182,313927,4.366136074066162,-2.051334857940674,6.417470932006836
Monocytes,45,chr10_29919466_29919966,315699,4.382912635803223,-1.3438291549682617,5.726741790771484
Monocytes,46,chr4_8169660_8170160,141988,4.385855197906494,-1.245598554611206,5.631453514099121
Monocytes,47,chr10_124228457_124228957,334002,4.387451648712158,-1.7665657997131348,6.154017448425293
Monocytes,48,chr15_35312323_35312823,429309,4.389284610748291,-1.655571460723877,6.044856071472168
Monocytes,49,chr17_41865054_41865554,476652,4.391386985778809,-2.441852569580078,6.833239555358887
Monocytes,50,chr2_151768429_151768929,82537,4.395417213439941,-1.9041521549224854,6.299569129943848
NK_Cells,1,chr14_52063143_52063643,412982,2.7448923587799072,-2.1455307006835938,4.890422821044922
NK_Cells,2,chr17_28538331_28538831,472149,2.8684208393096924,-2.4260013103485107,5.294422149658203
NK_Cells,3,chr10_34637806_34638306,316890,2.8693056106567383,-2.101888656616211,4.971194267272949
NK_Cells,4,chr18_67390672_67391172,499870,2.906655788421631,-2.429861545562744,5.336517333984375
NK_Cells,5,chr17_34216646_34217146,473663,2.9332549571990967,-2.8606317043304443,5.793886661529541
NK_Cells,6,chrX_133827613_133828113,569139,2.976672649383545,-2.5343286991119385,5.5110015869140625
NK_Cells,7,chr8_82918112_82918612,273516,3.0103635787963867,-3.3084042072296143,6.318767547607422
NK_Cells,8,chr8_123514455_123514955,279162,3.014188051223755,-2.8305883407592773,5.844776153564453
NK_Cells,9,chr6_170773410_170773910,229815,3.056581735610962,-2.370673179626465,5.427254676818848
NK_Cells,10,chr3_142999852_143000352,128440,3.068333625793457,-1.9991569519042969,5.067490577697754
NK_Cells,11,chr4_3176038_3176538,140532,3.15118145942688,-2.361401319503784,5.512582778930664
NK_Cells,12,chr13_43154723_43155223,399077,3.1967523097991943,-3.0943844318389893,6.291136741638184
NK_Cells,13,chr12_9982005_9982505,368836,3.239549398422241,-2.9646008014678955,6.204150199890137
NK_Cells,14,chr1_67692303_67692803,20165,3.2658584117889404,-1.9710074663162231,5.236865997314453
NK_Cells,15,chr6_170753175_170753675,229799,3.2674169540405273,-1.5297057628631592,4.797122955322266
NK_Cells,16,chr1_162383555_162384055,35274,3.3175792694091797,-2.2147531509399414,5.532332420349121
NK_Cells,17,chr6_15994014_15994514,200431,3.3476593494415283,-2.258193254470825,5.6058526039123535
NK_Cells,18,chr3_15687132_15687632,104632,3.395749807357788,-2.7607436180114746,6.156493186950684
NK_Cells,19,chr18_76951913_76952413,501282,3.396146774291992,-2.364771604537964,5.760918617248535
NK_Cells,20,chr5_173873426_173873926,193595,3.406514883041382,-2.543041467666626,5.949556350708008
NK_Cells,21,chr8_40607103_40607603,267482,3.421689987182617,-2.278831720352173,5.700521469116211
NK_Cells,22,chr4_101430487_101430987,154326,3.449842929840088,-2.9450292587280273,6.394872188568115
NK_Cells,23,chr10_34035345_34035845,316821,3.503685712814331,-2.4634339809417725,5.9671196937561035
NK_Cells,24,chr1_82608744_82609244,21685,3.535529136657715,-2.9288713932037354,6.464400291442871
NK_Cells,25,chr2_192512_193012,53657,3.551305055618286,-2.408870220184326,5.960175514221191
NK_Cells,26,chr1_51077289_51077789,16580,3.5633885860443115,-2.6713478565216064,6.234736442565918
NK_Cells,27,chr18_75357050_75357550,501112,3.5698416233062744,-2.063232183456421,5.633073806762695
NK_Cells,28,chr2_8190256_8190756,54947,3.5760304927825928,-2.153920888900757,5.72995138168335
NK_Cells,29,chr20_58742835_58743335,536048,3.591468334197998,-2.3231492042541504,5.914617538452148
NK_Cells,30,chr2_8486348_8486848,55088,3.5974714756011963,-1.9543074369430542,5.551778793334961
NK_Cells,31,chrX_9173503_9174003,558219,3.6057229042053223,-2.185945987701416,5.791668891906738
NK_Cells,32,chr22_22134508_22135008,546409,3.6122355461120605,-2.2283613681793213,5.840597152709961
NK_Cells,33,chr12_109932759_109933259,387461,3.6123952865600586,-1.8373180627822876,5.449713230133057
NK_Cells,34,chr3_123210937_123211437,123710,3.618903398513794,-2.703669786453247,6.322573184967041
NK_Cells,35,chr2_135869863_135870363,80489,3.6251025199890137,-1.7700719833374023,5.395174503326416
NK_Cells,36,chr2_26039051_26039551,59030,3.648244857788086,-1.6955801248550415,5.343824863433838
NK_Cells,37,chr18_12477544_12478044,492192,3.6654043197631836,-2.556638240814209,6.222042560577393
NK_Cells,38,chrX_67524388_67524888,564348,3.6704113483428955,-1.9584940671920776,5.628905296325684
NK_Cells,39,chr20_20188434_20188934,526529,3.694091558456421,-1.6610503196716309,5.355141639709473
NK_Cells,40,chr10_21015257_21015757,313876,3.7025437355041504,-1.7578271627426147,5.460371017456055
NK_Cells,41,chr18_77086327_77086827,501313,3.70383620262146,-1.6339521408081055,5.3377885818481445
NK_Cells,42,chr18_12920515_12921015,492312,3.727091073989868,-2.2351233959198,5.962214469909668
NK_Cells,43,chr6_43512155_43512655,209351,3.728313446044922,-2.086745262145996,5.815058708190918
NK_Cells,44,chr1_113337180_113337680,27644,3.728315591812134,-2.270411252975464,5.998726844787598
NK_Cells,45,chr12_125484534_125485034,392657,3.731314182281494,-2.230212688446045,5.961526870727539
NK_Cells,46,chr3_142954409_142954909,128420,3.748553514480591,-1.544374942779541,5.292928695678711
NK_Cells,47,chr5_110920280_110920780,180370,3.754812002182007,-1.412041187286377,5.166852951049805
NK_Cells,48,chr8_52851831_52852331,268786,3.7595574855804443,-1.4872312545776367,5.24678897857666
NK_Cells,49,chr17_34216124_34216624,473662,3.7637197971343994,-1.7383307218551636,5.502050399780273
NK_Cells,50,chr6_157464476_157464976,226688,3.7672054767608643,-1.32131028175354,5.088515758514404
Naive_CD4_T_Cells,1,chr1_4768860_4769360,1937,2.326136827468872,-2.831162214279175,5.157299041748047
Naive_CD4_T_Cells,2,chr3_141019194_141019694,127812,2.4202022552490234,-2.7305116653442383,5.150713920593262
Naive_CD4_T_Cells,3,chr16_27292473_27292973,451761,2.431168794631958,-2.8271634578704834,5.258332252502441
Naive_CD4_T_Cells,4,chr1_234540898_234541398,50587,2.6554760932922363,-2.8723433017730713,5.527819633483887
Naive_CD4_T_Cells,5,chr20_26233173_26233673,527756,2.7135796546936035,-2.471494436264038,5.1850738525390625
Naive_CD4_T_Cells,6,chr2_171938046_171938546,85889,2.715665340423584,-2.5453388690948486,5.261004447937012
Naive_CD4_T_Cells,7,chr2_89051234_89051734,72109,2.800626277923584,-2.477651834487915,5.278278350830078
Naive_CD4_T_Cells,8,chr17_65394819_65395319,483270,2.8069305419921875,-1.7937204837799072,4.600650787353516
Naive_CD4_T_Cells,9,chr10_104370042_104370542,330068,2.815683126449585,-3.064842700958252,5.880525588989258
Naive_CD4_T_Cells,10,chr20_61524211_61524711,536749,2.856388807296753,-1.9267151355743408,4.783103942871094
Naive_CD4_T_Cells,11,chr14_98695995_98696495,423725,2.8988399505615234,-2.3227522373199463,5.221591949462891
Naive_CD4_T_Cells,12,chr1_54452097_54452597,17467,2.914576530456543,-2.4279367923736572,5.342513084411621
Naive_CD4_T_Cells,13,chr10_14693831_14694331,312821,2.9227118492126465,-2.233114242553711,5.155826091766357
Naive_CD4_T_Cells,14,chr13_114039713_114040213,408045,3.0054893493652344,-2.1261188983917236,5.131608009338379
Naive_CD4_T_Cells,15,chr6_21883699_21884199,201665,3.037943124771118,-2.430025815963745,5.467968940734863
Naive_CD4_T_Cells,16,chr21_46537174_46537674,544061,3.0754220485687256,-2.4923720359802246,5.567793846130371
Naive_CD4_T_Cells,17,chr19_56635906_56636406,521840,3.079883337020874,-1.982887864112854,5.062771320343018
Naive_CD4_T_Cells,18,chr4_70526768_70527268,149351,3.0935397148132324,-2.4947752952575684,5.588315010070801
Naive_CD4_T_Cells,19,chr11_123551691_123552191,363175,3.1271073818206787,-1.7394871711730957,4.866594314575195
Naive_CD4_T_Cells,20,chr1_213843582_213844082,46359,3.1622400283813477,-1.679598331451416,4.841838359832764
Naive_CD4_T_Cells,21,chr20_26189409_26189909,527753,3.1663930416107178,-2.299988269805908,5.466381072998047
Naive_CD4_T_Cells,22,chr3_124721173_124721673,124020,3.1772923469543457,-1.6605716943740845,4.837863922119141
Naive_CD4_T_Cells,23,chr10_5499622_5500122,310273,3.2000417709350586,-1.7847260236740112,4.984767913818359
Naive_CD4_T_Cells,24,chr22_32133872_32134372,549830,3.229198694229126,-2.3812434673309326,5.610442161560059
Naive_CD4_T_Cells,25,chr1_18396344_18396844,6175,3.234123706817627,-2.5850369930267334,5.819160461425781
Naive_CD4_T_Cells,26,chr2_203544675_203545175,91937,3.240478515625,-2.0589382648468018,5.299416542053223
Naive_CD4_T_Cells,27,chr5_79448639_79449139,176378,3.2588798999786377,-1.8284492492675781,5.087328910827637
Naive_CD4_T_Cells,28,chr5_55397965_55398465,171971,3.2649574279785156,-1.9380087852478027,5.202966213226318
Naive_CD4_T_Cells,29,chr21_47028628_47029128,544310,3.2790398597717285,-2.089449167251587,5.3684892654418945
Naive_CD4_T_Cells,30,chr11_6953326_6953826,339449,3.3277835845947266,-2.4573099613189697,5.785093307495117
Naive_CD4_T_Cells,31,chr13_76340657_76341157,403366,3.3306167125701904,-1.6726469993591309,5.003263473510742
Naive_CD4_T_Cells,32,chr2_109603509_109604009,75840,3.3430659770965576,-1.9298062324523926,5.272871971130371
Naive_CD4_T_Cells,33,chr17_65721579_65722079,483396,3.3686375617980957,-1.7191815376281738,5.0878190994262695
Naive_CD4_T_Cells,34,chr1_213935325_213935825,46364,3.3776159286499023,-1.5947184562683105,4.972334384918213
Naive_CD4_T_Cells,35,chr2_70301144_70301644,69026,3.3818745613098145,-2.298856258392334,5.680730819702148
Naive_CD4_T_Cells,36,chr1_214025389_214025889,46374,3.3889260292053223,-1.3948062658309937,4.7837324142456055
Naive_CD4_T_Cells,37,chr1_209897625_209898125,45454,3.3937478065490723,-2.8846681118011475,6.278415679931641
Naive_CD4_T_Cells,38,chr8_1739933_1740433,260397,3.41996169090271,-1.7750134468078613,5.194974899291992
Naive_CD4_T_Cells,39,chr13_27876986_27877486,395953,3.4322288036346436,-1.8163769245147705,5.248605728149414
Naive_CD4_T_Cells,40,chr4_109067451_109067951,155684,3.4550983905792236,-1.9866585731506348,5.4417572021484375
Naive_CD4_T_Cells,41,chr4_143478278_143478778,159369,3.4634127616882324,-2.9399726390838623,6.403385162353516
Naive_CD4_T_Cells,42,chr2_70666451_70666951,69161,3.464953660964966,-2.397282123565674,5.862236022949219
Naive_CD4_T_Cells,43,chr12_120479065_120479565,390078,3.466153144836426,-2.2691779136657715,5.735331058502197
Naive_CD4_T_Cells,44,chr5_180111729_180112229,195427,3.468845844268799,-1.9001420736312866,5.368988037109375
Naive_CD4_T_Cells,45,chr2_70883783_70884283,69229,3.4690539836883545,-1.3769363164901733,4.845990180969238
Naive_CD4_T_Cells,46,chr5_39280640_39281140,170070,3.4741153717041016,-2.8921055793762207,6.366220951080322
Naive_CD4_T_Cells,47,chr19_30151787_30152287,512807,3.498422384262085,-1.5972763299942017,5.095698833465576
Naive_CD4_T_Cells,48,chr3_190024347_190024847,136874,3.5028209686279297,-1.2600173950195312,4.762838363647461
Naive_CD4_T_Cells,49,chr10_22053672_22054172,314062,3.5126895904541016,-2.034503221511841,5.547192573547363
Naive_CD4_T_Cells,50,chr11_88422686_88423186,356673,3.519235134124756,-1.4088633060455322,4.928098678588867
Naive_CD8_T_Cells,1,chr9_16179499_16179999,287517,2.916698932647705,-1.9476319551467896,4.864330768585205
Naive_CD8_T_Cells,2,chr5_40634662_40635162,170337,3.2515709400177,-2.501213312149048,5.752784252166748
Naive_CD8_T_Cells,3,chr12_120486016_120486516,390079,3.2612404823303223,-2.4699625968933105,5.731203079223633
Naive_CD8_T_Cells,4,chr1_8987217_8987717,3165,3.276594400405884,-1.9053813219070435,5.181975841522217
Naive_CD8_T_Cells,5,chr10_48532246_48532746,318480,3.298438549041748,-2.2392618656158447,5.537700653076172
Naive_CD8_T_Cells,6,chr18_77888404_77888904,501757,3.306920051574707,-2.0230586528778076,5.329978942871094
Naive_CD8_T_Cells,7,chr5_179995861_179996361,195377,3.323791980743408,-2.5807390213012695,5.904531002044678
Naive_CD8_T_Cells,8,chr6_80412427_80412927,213280,3.3996596336364746,-1.532516598701477,4.932176113128662
Naive_CD8_T_Cells,9,chr2_7679182_7679682,54814,3.4281883239746094,-3.627307415008545,7.055495738983154
Naive_CD8_T_Cells,10,chr11_63003514_63004014,349088,3.4810967445373535,-2.2668190002441406,5.747915744781494
Naive_CD8_T_Cells,11,chr7_134679996_134680496,254646,3.5183775424957275,-1.3859308958053589,4.904308319091797
Naive_CD8_T_Cells,12,chr21_33329859_33330359,539695,3.5829737186431885,-2.0581655502319336,5.641139030456543
Naive_CD8_T_Cells,13,chr11_3028063_3028563,338512,3.595871686935425,-1.7319825887680054,5.327854156494141
Naive_CD8_T_Cells,14,chr10_86116667_86117167,325668,3.618922710418701,-2.0203819274902344,5.6393046379089355
Naive_CD8_T_Cells,15,chr1_8986685_8987185,3164,3.6280155181884766,-1.533865213394165,5.1618804931640625
Naive_CD8_T_Cells,16,chr14_98340684_98341184,423612,3.631486654281616,-3.4856882095336914,7.117175102233887
Naive_CD8_T_Cells,17,chr3_123210937_123211437,123710,3.6775577068328857,-2.703669786453247,6.381227493286133
Naive_CD8_T_Cells,18,chr17_65394819_65395319,483270,3.696422576904297,-1.7937204837799072,5.490142822265625
Naive_CD8_T_Cells,19,chr20_26233173_26233673,527756,3.70798921585083,-2.471494436264038,6.179483413696289
Naive_CD8_T_Cells,20,chr15_100764345_100764845,444487,3.7153892517089844,-2.0285019874572754,5.74389123916626
Naive_CD8_T_Cells,21,chr9_134233751_134234251,305860,3.7257473468780518,-1.9883410930633545,5.714088439941406
Naive_CD8_T_Cells,22,chr4_113230267_113230767,156409,3.747204303741455,-1.6229559183120728,5.370160102844238
Naive_CD8_T_Cells,23,chr2_171938046_171938546,85889,3.7494211196899414,-2.5453388690948486,6.294759750366211
Naive_CD8_T_Cells,24,chr12_133449376_133449876,394213,3.7606143951416016,-1.5810205936431885,5.341634750366211
Naive_CD8_T_Cells,25,chr12_120448391_120448891,390070,3.777010202407837,-2.3893771171569824,6.166387557983398
Naive_CD8_T_Cells,26,chr4_22101472_22101972,143976,3.79007887840271,-2.6156222820281982,6.405701160430908
Naive_CD8_T_Cells,27,chr8_133559974_133560474,281688,3.8125717639923096,-1.543428897857666,5.356000900268555
Naive_CD8_T_Cells,28,chr3_141019194_141019694,127812,3.8592660427093506,-2.7305116653442383,6.589777946472168
Naive_CD8_T_Cells,29,chr17_34216646_34217146,473663,3.873788833618164,-2.8606317043304443,6.7344207763671875
Naive_CD8_T_Cells,30,chr1_170115952_170116452,36807,3.883415699005127,-2.1547610759735107,6.038176536560059
Naive_CD8_T_Cells,31,chr1_244218049_244218549,52373,3.8849406242370605,-1.3764855861663818,5.261425971984863
Naive_CD8_T_Cells,32,chr6_100330118_100330618,215421,3.8864481449127197,-2.0340991020202637,5.9205474853515625
Naive_CD8_T_Cells,33,chr19_16318836_16319336,509969,3.8976526260375977,-1.7451486587524414,5.642801284790039
Naive_CD8_T_Cells,34,chr8_61778361_61778861,270416,3.902440309524536,-2.3163928985595703,6.218832969665527
Naive_CD8_T_Cells,35,chr15_100246726_100247226,444413,3.905122756958008,-1.771628975868225,5.676751613616943
Naive_CD8_T_Cells,36,chr5_109258033_109258533,180137,3.90809965133667,-1.552274227142334,5.460373878479004
Naive_CD8_T_Cells,37,chr1_85077318_85077818,22008,3.9097232818603516,-1.7047230005264282,5.61444616317749
Naive_CD8_T_Cells,38,chr1_209897625_209898125,45454,3.9116663932800293,-2.8846681118011475,6.796334266662598
Naive_CD8_T_Cells,39,chr6_143221181_143221681,223460,3.9164011478424072,-2.074901580810547,5.991302490234375
Naive_CD8_T_Cells,40,chr20_52004766_52005266,534693,3.91786527633667,-1.2293251752853394,5.147190570831299
Naive_CD8_T_Cells,41,chr1_25889748_25890248,8878,3.925701379776001,-2.1410200595855713,6.066721439361572
Naive_CD8_T_Cells,42,chr10_6628457_6628957,310857,3.926959991455078,-1.8301712274551392,5.757131099700928
Naive_CD8_T_Cells,43,chr12_45236351_45236851,373999,3.933866500854492,-1.894317865371704,5.828184127807617
Naive_CD8_T_Cells,44,chr7_98586747_98587247,247678,3.9428083896636963,-1.0088104009628296,4.951618671417236
Naive_CD8_T_Cells,45,chr11_129730876_129731376,364650,3.965280771255493,-1.7756409645080566,5.740921974182129
Naive_CD8_T_Cells,46,chr12_10656019_10656519,369164,3.972579002380371,-1.4944294691085815,5.467008590698242
Naive_CD8_T_Cells,47,chr17_64396390_64396890,483004,3.9815614223480225,-2.2439522743225098,6.225513458251953
Naive_CD8_T_Cells,48,chr7_150439536_150440036,257893,3.982544183731079,-2.2392024993896484,6.221746444702148
Naive_CD8_T_Cells,49,chr6_158467194_158467694,227104,3.9913203716278076,-1.2999354600906372,5.291255950927734
Naive_CD8_T_Cells,50,chr7_155531805_155532305,259106,3.993551731109619,-1.4017106294631958,5.395262241363525
Regulatory_T_Cells,1,chr16_88655119_88655619,463176,2.2305147647857666,-2.204694986343384,4.43520975112915
Regulatory_T_Cells,2,chr5_138772928_138773428,185751,2.502875328063965,-2.6642942428588867,5.167169570922852
Regulatory_T_Cells,3,chr8_1428066_1428566,260313,2.5430924892425537,-2.2120797634124756,4.755172252655029
Regulatory_T_Cells,4,chr2_42520030_42520530,62774,2.589108467102051,-3.2728073596954346,5.861915588378906
Regulatory_T_Cells,5,chr2_179905862_179906362,87697,2.7388176918029785,-2.335787057876587,5.0746049880981445
Regulatory_T_Cells,6,chr2_204726728_204727228,92240,2.7876954078674316,-3.265855312347412,6.053550720214844
Regulatory_T_Cells,7,chr3_32953501_32954001,108085,2.8046629428863525,-2.2726404666900635,5.077303409576416
Regulatory_T_Cells,8,chr13_109115634_109116134,406942,2.863466501235962,-2.3727221488952637,5.236188888549805
Regulatory_T_Cells,9,chrX_130019911_130020411,568741,2.871615409851074,-3.310326337814331,6.181941986083984
Regulatory_T_Cells,10,chr9_117607011_117607511,301099,2.9045960903167725,-2.6972274780273438,5.601823806762695
Regulatory_T_Cells,11,chr10_116568687_116569187,332606,2.9576213359832764,-2.6928367614746094,5.650458335876465
Regulatory_T_Cells,12,chr10_127855278_127855778,335021,3.0239434242248535,-3.1538314819335938,6.177774906158447
Regulatory_T_Cells,13,chr10_75239847_75240347,323143,3.123633623123169,-2.1930601596832275,5.3166937828063965
Regulatory_T_Cells,14,chr5_167804484_167804984,191754,3.129786252975464,-2.0738003253936768,5.203586578369141
Regulatory_T_Cells,15,chr20_21539969_21540469,526822,3.133012294769287,-2.0986690521240234,5.2316813468933105
Regulatory_T_Cells,16,chr16_88655867_88656367,463177,3.1630191802978516,-1.438215732574463,4.6012349128723145
Regulatory_T_Cells,17,chr10_33425037_33425537,316719,3.1832706928253174,-1.379339575767517,4.562610149383545
Regulatory_T_Cells,18,chr2_32414738_32415238,60923,3.192233085632324,-1.6137423515319824,4.805975437164307
Regulatory_T_Cells,19,chr6_16478218_16478718,200626,3.200155735015869,-3.1726648807525635,6.372820854187012
Regulatory_T_Cells,20,chr8_1422614_1423114,260308,3.202568292617798,-1.7107619047164917,4.913330078125
Regulatory_T_Cells,21,chr10_101964060_101964560,329196,3.2049925327301025,-2.815903425216675,6.020895957946777
Regulatory_T_Cells,22,chr2_42520543_42521043,62775,3.2372756004333496,-2.4168343544006348,5.654109954833984
Regulatory_T_Cells,23,chr6_36833553_36834053,207137,3.243701934814453,-2.157858371734619,5.401560306549072
Regulatory_T_Cells,24,chr17_41737442_41737942,476588,3.3301455974578857,-2.0184097290039062,5.348555564880371
Regulatory_T_Cells,25,chr2_204718766_204719266,92230,3.3390560150146484,-1.7245140075683594,5.063570022583008
Regulatory_T_Cells,26,chr12_129027365_129027865,392938,3.343370199203491,-2.6419146060943604,5.985284805297852
Regulatory_T_Cells,27,chrX_135679407_135679907,569417,3.3514835834503174,-3.740849733352661,7.0923333168029785
Regulatory_T_Cells,28,chr6_16435010_16435510,200608,3.352778434753418,-2.7346034049987793,6.087381839752197
Regulatory_T_Cells,29,chr16_12629793_12630293,449217,3.3649442195892334,-2.4037225246429443,5.768666744232178
Regulatory_T_Cells,30,chr1_147115710_147116210,30107,3.3651416301727295,-2.5281333923339844,5.893275260925293
Regulatory_T_Cells,31,chr10_114278831_114279331,331940,3.3669536113739014,-2.256901264190674,5.623854637145996
Regulatory_T_Cells,32,chr4_143307570_143308070,159330,3.3695623874664307,-3.21809720993042,6.58765983581543
Regulatory_T_Cells,33,chr5_6847976_6848476,166476,3.381303548812866,-2.1944854259490967,5.575788974761963
Regulatory_T_Cells,34,chr14_96786881_96787381,423298,3.388080596923828,-1.7371126413345337,5.125193119049072
Regulatory_T_Cells,35,chr20_21538245_21538745,526820,3.389317035675049,-1.582128643989563,4.971445560455322
Regulatory_T_Cells,36,chr3_60030577_60031077,116046,3.394273281097412,-2.2004106044769287,5.594683647155762
Regulatory_T_Cells,37,chr6_2379442_2379942,196261,3.39683198928833,-2.187666416168213,5.584498405456543
Regulatory_T_Cells,38,chr6_143094291_143094791,223364,3.4109771251678467,-2.9275500774383545,6.338527202606201
Regulatory_T_Cells,39,chr20_21537534_21538034,526819,3.4173052310943604,-1.9197969436645508,5.337101936340332
Regulatory_T_Cells,40,chr10_127683826_127684326,334969,3.4377176761627197,-2.857513189315796,6.295230865478516
Regulatory_T_Cells,41,chr8_134059350_134059850,281863,3.4715638160705566,-1.641534447669983,5.11309814453125
Regulatory_T_Cells,42,chr5_65092697_65093197,173607,3.4829530715942383,-1.6451835632324219,5.12813663482666
Regulatory_T_Cells,43,chr5_159901968_159902468,191240,3.494565725326538,-2.138557195663452,5.63312292098999
Regulatory_T_Cells,44,chr4_90213801_90214301,153324,3.523030996322632,-2.2725822925567627,5.7956132888793945
Regulatory_T_Cells,45,chr8_1427512_1428012,260312,3.5422589778900146,-2.01629376411438,5.5585527420043945
Regulatory_T_Cells,46,chr4_10736254_10736754,142676,3.544203281402588,-2.859543800354004,6.403747081756592
Regulatory_T_Cells,47,chr2_43797045_43797545,63340,3.5458412170410156,-2.3485541343688965,5.894395351409912
Regulatory_T_Cells,48,chr10_3995753_3996253,309979,3.5458524227142334,-2.9059410095214844,6.451793670654297
Regulatory_T_Cells,49,chr10_127688232_127688732,334972,3.5596048831939697,-1.776214838027954,5.335819721221924
Regulatory_T_Cells,50,chr13_75892110_75892610,403243,3.564540147781372,-1.9245346784591675,5.48907470703125
